fold,seed,val_loss,val_top1_acc,val_top5_acc,val_top10_acc,val_f1_macro,val_f1_weighted
1,42,2.3009334678649904,0.77,0.936,0.961,0.7150333333333334,0.7150333333333334
1,123,2.31318314743042,0.77,0.935,0.961,0.7161666666666667,0.7161666666666667
1,456,2.3009237060546877,0.78,0.941,0.964,0.7258,0.7258
2,42,2.30873282623291,0.769,0.939,0.964,0.7104,0.7104
2,123,2.292916513442993,0.771,0.946,0.967,0.7170333333333333,0.7170333333333333
2,456,2.2798577861785887,0.782,0.946,0.971,0.7224,0.7224
3,42,2.3863575191497803,0.755,0.926,0.96,0.6985999999999999,0.6985999999999999
3,123,2.3592127075195313,0.782,0.934,0.962,0.7284666666666667,0.7284666666666667
3,456,2.4263409042358397,0.742,0.925,0.953,0.6826666666666668,0.6826666666666668
