fold,seed,val_loss,val_top1_acc,val_top5_acc,val_top10_acc,val_f1_macro,val_f1_weighted
1,42,6.519192401885986,0.119,0.319,0.424,0.07748865986273228,0.07748865986273228
1,123,6.516067695617676,0.121,0.319,0.44,0.07832475106592753,0.07832475106592753
1,456,6.527793964385986,0.127,0.329,0.447,0.08274624940649584,0.08274624940649584
2,42,6.52188249206543,0.113,0.307,0.416,0.0675555188307527,0.0675555188307527
2,123,6.516656078338623,0.127,0.319,0.426,0.07767266402400981,0.07767266402400981
2,456,6.527226226806641,0.127,0.329,0.431,0.07586185837427258,0.07586185837427258
3,42,6.5241615753173825,0.117,0.308,0.436,0.07207847350069894,0.07207847350069894
3,123,6.520024574279785,0.129,0.348,0.456,0.08752943824206982,0.08752943824206982
3,456,6.519496006011963,0.117,0.355,0.48,0.07398053494905649,0.07398053494905649
