fold,seed,val_loss,val_top1_acc,val_top5_acc,val_top10_acc,val_f1_macro,val_f1_weighted
1,42,6.616130554199219,0.054,0.143,0.188,0.03613320564281878,0.03613320564281878
1,123,6.601130954742431,0.044,0.138,0.215,0.023160457012715078,0.023160457012715078
1,456,6.614341247558594,0.044,0.151,0.212,0.02468226421994538,0.02468226421994538
2,42,6.622232555389404,0.054,0.138,0.195,0.028026675598243348,0.028026675598243348
2,123,6.622931007385254,0.043,0.141,0.211,0.018843394087726166,0.018843394087726166
2,456,6.621170944213867,0.035,0.143,0.209,0.01638045720189683,0.01638045720189683
3,42,6.620771591186523,0.043,0.142,0.218,0.029237042119100942,0.029237042119100942
3,123,6.619640926361084,0.048,0.149,0.22,0.027364553540714532,0.027364553540714532
3,456,6.626767101287842,0.044,0.144,0.21,0.02680842490842491,0.02680842490842491
