fold,seed,val_loss,val_top1_acc,val_top5_acc,val_top10_acc,val_f1_macro,val_f1_weighted
1,42,5.942685924530029,0.256,0.565,0.681,0.1787413641913642,0.1787413641913642
1,123,5.952580101013184,0.268,0.561,0.691,0.1905360250860251,0.1905360250860251
1,456,5.944118392944336,0.271,0.571,0.69,0.18983231198327108,0.18983231198327108
2,42,5.955367439270019,0.266,0.563,0.699,0.18550030699148345,0.18550030699148345
2,123,5.959627792358399,0.259,0.554,0.683,0.18391184073064878,0.18391184073064878
2,456,5.961830593109131,0.272,0.572,0.688,0.19602655955155956,0.19602655955155956
3,42,5.927659107208252,0.282,0.589,0.709,0.2070397852147852,0.2070397852147852
3,123,5.946176952362061,0.262,0.6,0.719,0.18426410154173312,0.18426410154173312
3,456,5.947397247314453,0.275,0.599,0.719,0.19651349924585218,0.19651349924585218
